"SAST_ProjectId","SAST_ProjectName","SAST_OwningTeam","SAST_ProjectUrl","SAST_ProjectGitBranch","SAST_Preset","SAST_Last_Scan_Date","SAST_ScanOrigin","SAST_Engine_Configuration","Cx1_ProjectId","Cx1_ProjectName","Cx1_AppName","Cx1_PresetName","Cx1_EnabledScanners","Cx1_Groups"
"9","NA-SDR","/CxServer/SP/America","","","All","6/10/2020 8:31:43 PM","Web Portal","Default Configuration","","","","","",""
"19","Top Performing NA SDR team","/CxServer/SP/America","","","Checkmarx Default","6/11/2020 7:47:56 PM","Web Portal","Default Configuration","","","","","",""
"36","Webgoat-GIT-CI","/CxServer/SP/America/checkmarx.com - 1","","","OWASP TOP 10 - 2017","6/22/2020 2:12:47 PM","Web Portal","Default Configuration","","","","","",""
"40","WebGoat-Beta CxSCA-CI","/CxServer/SP/America/checkmarx.com - 1","https://github.com/jerryhoff/WebGoat.NET.git","/refs/heads/master","OWASP TOP 10 - 2017","6/22/2020 6:56:21 PM","Web Portal","Default Configuration","","","","","",""
"41","JavaEmailServer","/CxServer/SP/America/Igor-Sandbox","","","OWASP TOP 10 - 2017","6/22/2020 10:41:51 PM","Web Portal","Default Configuration","","","","","",""
"42","DVWA","/CxServer/SP/America/checkmarx.com - 1","","","OWASP TOP 10 - 2017","6/23/2020 5:53:59 PM","VSTS","Default Configuration","","","","","",""
"43","Webgoat-NET","/CxServer/SP/America/checkmarx.com - 1","","","OWASP TOP 10 - 2017","6/23/2020 6:04:18 PM","VSTS","Default Configuration","","","","","",""
"49","demo-php","/CxServer/SP/America/Igor-Sandbox","","","Checkmarx Default","6/26/2020 8:19:39 PM","Web Portal","Default Configuration","","","","","",""
"55","NodeGoat-ADO","/CxServer/SP/America/Igor-Sandbox","","","OWASP TOP 10 - 2017","11/9/2020 5:28:05 PM","VSTS","Default Configuration","","","","","",""
"75","Demo-VSC","/CxServer/SP/America/Igor-Sandbox","","","All","7/8/2020 6:16:46 AM","Visual Studio Code","Default Configuration","","","","","",""
"76","WebGoat-VSC","/CxServer/SP/America/Igor-Sandbox","","","OWASP TOP 10 - 2017","7/8/2020 6:39:55 AM","Visual Studio Code","Default Configuration","","","","","",""
"91","cx-imatlin-demo-php-master","/CxServer/SP/America/Igor-Sandbox","https://******@github.com/cx-imatlin/demo-php.git","refs/heads/master","OWASP TOP 10 - 2017","10/28/2020 2:17:44 PM","CxFlow","Default Configuration","","","","","",""
"94","cx-imatlin-vscode-master","/CxServer/SP/America/Igor-Sandbox","https://******@github.com/cx-imatlin/vscode.git","refs/heads/master","All",,,"Default Configuration","","","","","",""
"95","cx-imatlin-igoat-cx-imatlin-patch-2","/CxServer/SP/America/Igor-Sandbox","https://******@github.com/cx-imatlin/igoat.git","refs/heads/cx-imatlin-patch-2","Mobile",,,"Default Configuration","","","","","",""
"97","cx-imatlin-javaemailserver-master","/CxServer/SP/America/Igor-Sandbox","https://******@github.com/cx-imatlin/javaemailserver.git","refs/heads/master","All","9/16/2020 3:31:21 PM","CxFlow","Default Configuration","","","","","",""
"99","NodeGoat","/CxServer/SP/America/Igor-Sandbox","https://******@cx-imatlin.visualstudio.com/NodeGoat/_git/NodeGoat","refs/heads/master","OWASP TOP 10 - 2017","11/9/2020 5:26:23 PM","CxFlow","Default Configuration","","","","","",""
"104","Igor_Matlin-bodgeit-master","/CxServer/SP/America/Igor-Sandbox","https://******:******@bitbucket.org/cx-imatlin/bodgeit.git","refs/heads/master","All","10/6/2020 4:16:07 AM","CxFlow","Default Configuration","","","","","",""
"105","Igor_Matlin-bodgeit-Igor-Matlin-readmemd-edited-online-with-bitbucket-1594670341592","/CxServer/SP/America/Igor-Sandbox","https://******:******@bitbucket.org/cx-imatlin/bodgeit.git","refs/heads/Igor-Matlin/readmemd-edited-online-with-bitbucket-1594670341592","All","7/13/2020 8:01:22 PM","CxFlow","Default Configuration","","","","","",""
"118","JVL-ADO-MacAgent","/CxServer/SP/America/SE","","","Checkmarx Default","7/15/2020 4:00:50 PM","VSTS","Default Configuration","","","","","",""
"119","JVL-MacAgent_dev","/CxServer/SP/America/SE","","","Checkmarx Default","7/15/2020 4:00:50 PM","VSTS","Default Configuration","","","","","",""
"122","Demo-PHP-CLI","/CxServer/SP/America/Igor-Sandbox","https://******@github.com/cx-imatlin/demo-php.git","refs/heads/master","All","7/17/2020 4:46:10 AM","CxFlow","Default Configuration","","","","","",""
"124","sf-apex-pe-scanner","/CxServer/SP/America/SE","https://github.com/polyrize/sf-apex-pe-scanner.git","/refs/heads/master","All","7/17/2020 6:05:30 PM","Web Portal","Default Configuration","","","","","",""
"125","forcedotcom-aura","/CxServer/SP/America/SE","https://github.com/forcedotcom/aura.git","/refs/heads/master","All",,,"Default Configuration","","","","","",""
"138","test ella","/CxServer/SP/America/Strategic/Team4","https://github.com/WebGoat/WebGoat.git","/refs/heads/challenge","Checkmarx Default","10/9/2020 8:19:34 PM","Web Portal","Default Configuration","","","","","",""
"140","groovy_vuln_app","/CxServer/SP/America","https://github.com/nVisium/grails-nV.git","/refs/heads/master","Checkmarx Default","7/23/2020 6:45:03 PM","Web Portal","Default Configuration","","","","","",""
"167","Anthem-Test","/CxServer/SP/America/Igor-Sandbox","","","All","7/31/2020 10:21:31 PM","Web Portal","Default Configuration","","","","","",""
"170","CxSeverityOverride","/CxServer/SP/America/Igor-Sandbox","","","All","8/3/2020 11:52:53 PM","Visual-Studio-Code","Default Configuration","","","","","",""
"171","CxPythonTools","/CxServer/SP/America/Igor-Sandbox","","","All","8/3/2020 11:55:15 PM","Visual-Studio-Code","Default Configuration","","","","","",""
"172","node-ecstatic","/CxServer/SP/America/Igor-Sandbox","","","All","8/4/2020 12:00:21 AM","Visual-Studio-Code","Default Configuration","","","","","",""
"175","Fossa-CLI","/CxServer/SP/America/Igor-Sandbox","","","All","10/5/2020 3:21:41 PM","Visual-Studio-Code","Default Configuration","","","","","",""
"176","Fossa-Ant","/CxServer/SP/America/Igor-Sandbox","","","All","8/5/2020 12:02:52 AM","Visual-Studio-Code","Default Configuration","","","","","",""
"177","WebGoat.NET","/CxServer/SP/America/Igor-Sandbox","","","Checkmarx Default","8/5/2020 2:10:00 PM","Visual Studio","Default Configuration","","","","","",""
"180","CWE190_Integer_Overflow_s01","/CxServer/SP/America/Juliet/CPP","","","All","8/7/2020 3:51:02 AM","cx-CLI","Default Configuration","","","","","",""
"181","CWE190_Integer_Overflow_s02","/CxServer/SP/America/Juliet/CPP","","","All","8/7/2020 4:03:46 AM","cx-CLI","Default Configuration","","","","","",""
"182","CWE190_Integer_Overflow_s03","/CxServer/SP/America/Juliet/CPP","","","All","8/7/2020 4:15:35 AM","cx-CLI","Default Configuration","","","","","",""
"183","CWE190_Integer_Overflow_s04","/CxServer/SP/America/Juliet/CPP","","","All","8/7/2020 4:26:34 AM","cx-CLI","Default Configuration","","","","","",""
"184","CWE190_Integer_Overflow_s05","/CxServer/SP/America/Juliet/CPP","","","All","8/7/2020 4:36:36 AM","cx-CLI","Default Configuration","","","","","",""
"185","CWE190_Integer_Overflow_s06","/CxServer/SP/America/Juliet/CPP","","","All","8/7/2020 4:50:15 AM","cx-CLI","Default Configuration","","","","","",""
"186","CWE190_Integer_Overflow_s07","/CxServer/SP/America/Juliet/CPP","","","All","8/7/2020 5:04:05 AM","cx-CLI","Default Configuration","","","","","",""
"191","cx-imatlin-demo-php-cx-imatlin-patch-1","/CxServer/SP/America/Igor-Sandbox","https://******@github.com/cx-imatlin/demo-php.git","refs/heads/cx-imatlin-patch-1","Checkmarx Default",,,"Default Configuration","","","","","",""
"200","GoatDroid-android","/CxServer/SP/America/SE","https://github.com/nvisium-jack-mannino/OWASP-GoatDroid-Project.git","/refs/heads/android","Mobile","9/23/2020 11:15:39 PM","Web Portal","Default Configuration","","","","","",""
"202","Djangoat","/CxServer/SP/America/Igor-Sandbox","","","All","8/14/2020 3:02:55 AM","Visual-Studio-Code","Default Configuration","","","","","",""
"204","cx-imatlin-demo-php-cx-imatlin-patch-6","/CxServer/SP/America/Igor-Sandbox","https://******@github.com/cx-imatlin/demo-php.git","refs/heads/cx-imatlin-patch-6","OWASP TOP 10 - 2017","8/14/2020 5:35:24 PM","CxFlow","Default Configuration","","","","","",""
"219","webgoat_test","/CxServer/SP/America/SE/SE-Candidates","","","Checkmarx Default","8/21/2020 7:27:16 AM","Web Portal","Default Configuration","","","","","",""
"220","mutillidae","/CxServer/SP/America/SE/SE-Candidates","","","Checkmarx Default","8/21/2020 9:05:39 PM","Web Portal","Default Configuration","","","","","",""
"222","JAVA","/CxServer/SP/America","","","Checkmarx Default","8/23/2020 8:55:19 PM","Web Portal","Default Configuration","","","","","",""
"228","webgoat_jenkins","/CxServer/SP/America/SE/SE-Candidates","","","Checkmarx Default","8/25/2020 6:51:59 AM","Jenkins","Default Configuration","","","","","",""
"231","comdb2","/CxServer/SP/America/SE/SE-Candidates","","","Checkmarx Default",,,"Default Configuration","","","","","",""
"232","newproj111","/CxServer/SP/America/newteam","","","Checkmarx Default","8/26/2020 5:44:10 AM","Web Portal","Default Configuration","","","","","",""
"233","test-9.0hf3","/CxServer/SP/America/checkmarx.com - 4239","https://github.com/rdr3/test","/refs/heads/master","Checkmarx Default","8/26/2020 8:01:17 PM","Web Portal","Default Configuration","","","","","",""
"234","WebGoatDotNet_Azure","/CxServer/SP/America/checkmarx.com - 4239","","","Checkmarx Default","6/15/2021 1:27:08 PM","VSTS","Default Configuration","","","","","",""
"237","AAlbert - Apex","/CxServer/SP/America/Igor-Sandbox","","","Checkmarx Default","8/27/2020 6:03:38 PM","Web Portal","Default Configuration","","","","","",""
"238","JVL","/CxServer/SP/America/SE/SE-Candidates","https://github.com/CSPF-Founder/JavaVulnerableLab.git","/refs/heads/master","Checkmarx Default","9/15/2020 6:59:00 PM","Web Portal","Default Configuration","","","","","",""
"240","COSMOS","/CxServer/SP/America","https://github.com/BallAerospace/COSMOS","/refs/heads/master","Checkmarx Default","8/28/2020 4:48:01 PM","Web Portal","Default Configuration","","","","","",""
"252","AzureTestACS","/CxServer/SP/America","","","Checkmarx Default","9/4/2020 3:06:44 PM","VSTS","Default Configuration","","","","","",""
"258","cx-flow","/CxServer/SP/America/Igor-Sandbox","","","Checkmarx Default","9/11/2020 4:30:51 AM","cx-intellij","Default Configuration","","","","","",""
"277","OpenMRS-Core","/CxServer/SP/America/Igor-Sandbox","https://github.com/openmrs/openmrs-core.git","/refs/heads/master","Checkmarx Express","9/30/2020 3:43:44 AM","Web Portal","Default Configuration","","","","","",""
"311","AltoroJ","/CxServer/SP/America/Igor-Sandbox","https://github.com/hclproducts/AltoroJ","/refs/heads/master","Checkmarx Express","9/30/2020 3:53:56 AM","Web Portal","Default Configuration","","","","","",""
"313","imatlin-demo-master","/CxServer/SP/America/Igor-Sandbox","https://******@github.com/imatlin/demo.git","refs/heads/master","All","9/29/2020 9:32:35 PM","CxFlow","Default Configuration","","","","","",""
"314","imatlin-demo-develop","/CxServer/SP/America/Igor-Sandbox","https://******@github.com/imatlin/demo.git","refs/heads/develop","All","9/29/2020 9:33:52 PM","CxFlow","Default Configuration","","","","","",""
"315","imatlin-demo-dev","/CxServer/SP/America/Igor-Sandbox","https://******@github.com/imatlin/demo.git","refs/heads/dev","All","9/29/2020 9:39:12 PM","CxFlow","Default Configuration","","","","","",""
"324","Igor_Matlin-bodgeit-Igor-Matlin-readmemd-edited-online-with-bitbucket-1594675194700","/CxServer/SP/America/Igor-Sandbox","","","All",,,"Default Configuration","","","","","",""
"338","Spring Boot Demo","/CxServer/SP/America/Igor-Sandbox","https://github.com/spring-projects/spring-boot.git","/refs/heads/master","Checkmarx Express","10/12/2020 3:05:09 PM","Web Portal","Default Configuration","","","","","",""
"353","pythonProject","/CxServer/SP/America/checkmarx.com - 1","","","Checkmarx Default",,,"Default Configuration","","","","","",""
"381","cxgo-spring-boot-sdk","/CxServer/SP/America/checkmarx.com - 1","","","Checkmarx Default","10/23/2020 2:19:51 PM","cx-intellij","Default Configuration","","","","","",""
"382","ast","/CxServer/SP/America/checkmarx.com - 1","","","Checkmarx Default","10/23/2020 4:41:17 PM","cx-intellij","Default Configuration","","","","","",""
"398","CxCE-demo-cx-imatlin-patch-1","/CxServer/SP/America/Igor-Sandbox","https://******@github.com/CxCE/demo.git","refs/heads/cx-imatlin-patch-1","All","10/29/2020 1:23:58 PM","CxFlow","Default Configuration","","","","","",""
"399","Demo-PHP_master","/CxServer/SP/America/Igor-Sandbox","https://******@github.com/cx-imatlin/demo-php","refs/heads/master","All","10/29/2020 8:33:48 PM","CxFlow","Default Configuration","","","","","",""
"400","iGoat_master","/CxServer/SP/America/Igor-Sandbox","https://******@github.com/cx-imatlin/igoat","refs/heads/master","All",,,"Default Configuration","","","","","",""
"411","DjanGoat","/CxServer/SP/America/checkmarx.com - 1","","","High and Medium","10/30/2020 6:35:20 PM","Web Portal","Default Configuration","","","","","",""
"430","Hackme_Ruby","/CxServer/SP/America/checkmarx.com - 1","","","High and Medium","11/5/2020 12:06:41 AM","Web Portal","Default Configuration","","","","","",""
"455","test","/CxServer/SP/America/checkmarx.com - 4239","https://github.com/rdr3/test","/refs/heads/master","Checkmarx Default","11/10/2020 3:14:10 PM","Web Portal","Default Configuration","","","","","",""
"456","bodegit_github_action1","/CxServer/SP/America/checkmarx.com - 4239","","","XSS and SQLi only","11/10/2020 3:19:22 PM","CxFlow","Default Configuration","","","","","",""
"459","POSK","/CxServer/SP/America/checkmarx.com - 1","https://******@dev.azure.com/KollolBhattacharjee0888/dvcsharp-api/_git/dvcsharp-api","/refs/heads/master","Checkmarx Express","11/11/2020 6:20:23 PM","Web Portal","Default Configuration","","","","","",""
"460","KenMcDonald-CxRiches-fix-abc","/CxServer/SP/America/checkmarx.com - 1","https://******@dev.azure.com/KenMcDonald/CxFlow/_git/CxRiches","refs/heads/fix/abc","Checkmarx Express","11/11/2020 10:29:06 PM","CxFlow","Default Configuration","","","","","",""
"462","IDETest","/CxServer/SP/America/checkmarx.com - 1","","","Checkmarx Default","11/12/2020 2:38:54 PM","Eclipse","Default Configuration","","","","","",""
"463","kmcdon83-DVWA-kmcdon83-patch-4","/CxServer/SP/America/checkmarx.com - 1","https://******:******@github.com/kmcdon83/DVWA.git","refs/heads/kmcdon83-patch-4","Checkmarx Express","11/12/2020 7:41:15 PM","CxFlow","Default Configuration","","","","","",""
"464","kmcdon83-RichesOD-kmcdon83-patch-114","/CxServer/SP/America/checkmarx.com - 1","https://******:******@github.com/kmcdon83/RichesOD.git","refs/heads/kmcdon83-patch-114","Checkmarx Express","11/12/2020 8:19:20 PM","CxFlow","Default Configuration","","","","","",""
"465","KMPostman","/CxServer/SP/America/checkmarx.com - 1","https://******@dev.azure.com/KollolBhattacharjee0888/dvcsharp-api/_git/dvcsharp-api","refs/heads/master","Checkmarx Default","11/13/2020 1:51:26 PM","Other","Default Configuration","","","","","",""
"513","demo","/CxServer/SP/America/Igor-Sandbox","","","Checkmarx Default","11/18/2020 3:17:18 AM","CxFlow","Default Configuration","","","","","",""
"514","App","/CxServer/SP/America/Igor-Sandbox","","","Checkmarx Default","11/18/2020 3:22:16 AM","cx-CLI","Default Configuration","","","","","",""
"518","NodeGoat","/CxServer/SP/America/checkmarx.com - 1","","","High and Medium","11/18/2020 5:33:11 PM","Web Portal","Default Configuration","","","","","",""
"519","JuiceShop","/CxServer/SP/America/checkmarx.com - 1","","","High and Medium","11/18/2020 6:16:28 PM","Web Portal","Default Configuration","","","","","",""
"536","Webgoat Legacy","/CxServer/SP/America/checkmarx.com - 43052","https://github.com/WebGoat/WebGoat-Legacy.git","/refs/heads/master","Checkmarx Default","11/23/2020 3:11:35 PM","Web Portal","Default Configuration","","","","","",""
"541","Project X","/CxServer/SP/America/yahoo.com - 1","","","Checkmarx Default","11/24/2020 8:59:15 PM","Web Portal","Default Configuration","","","","","",""
"542","cx-imatlin-demo-php-cx-imatlin-patch-11","/CxServer/SP/America/Igor-Sandbox","https://******@github.com/cx-imatlin/demo-php.git","refs/heads/cx-imatlin-patch-11","All",,,"Default Configuration","","","","","",""
"544","Project Y","/CxServer/SP/America/yahoo.com - 1","","","Checkmarx Default","11/24/2020 6:34:10 PM","Web Portal","Default Configuration","","","","","",""
"545","Project Z","/CxServer/SP/America/yahoo.com - 1","","","Checkmarx Default","11/24/2020 6:46:07 PM","Web Portal","Default Configuration","","","","","",""
"546","Project X Final","/CxServer/SP/America/yahoo.com - 1","","","Checkmarx Default","11/24/2020 6:58:13 PM","Web Portal","Default Configuration","","","","","",""
"547","Test_Final","/CxServer/SP/America/yahoo.com - 1","","","Checkmarx Default","11/24/2020 8:47:35 PM","Web Portal","Default Configuration","","","","","",""
"574","imatlin-demo-php-master","/CxServer/SP/America/Igor-Sandbox","https://******@github.com/imatlin/demo-php.git","refs/heads/master","All","12/14/2020 11:55:14 PM","CxFlow","Default Configuration","","","","","",""
"575","imatlin-igoat-master","/CxServer/SP/America/Igor-Sandbox","https://******@github.com/imatlin/igoat.git","refs/heads/master","Mobile",,,"Default Configuration","","","","","",""
"578","Express","/CxServer/SP/America/Igor-Sandbox","","","OWASP TOP 10 - 2017","12/10/2020 5:36:39 PM","Jenkins","Default Configuration","","","","","",""
"581","owasp-nodegoat","/CxServer/SP/America/checkmarx.com - 1","https://github.com/vmoey-cx/owasp-nodegoat.git","/refs/heads/master","Checkmarx Default","12/10/2020 11:48:05 PM","Web Portal","Default Configuration","","","","","",""
"582","kmcdon83-DVWA-kmcdon83-patch-5","/CxServer/SP/America/checkmarx.com - 1","https://******:******@github.com/kmcdon83/DVWA.git","refs/heads/kmcdon83-patch-5","Checkmarx Express","12/11/2020 1:56:03 AM","CxFlow","Default Configuration","","","","","",""
"583","kmcdon83-RichesOD-master","/CxServer/SP/America/checkmarx.com - 1","https://******:******@github.com/kmcdon83/RichesOD.git","refs/heads/master","Checkmarx Express","12/11/2020 2:04:10 AM","CxFlow","Default Configuration","","","","","",""
"584","kmcdon83-RichesOD-kmcdon83-patch-115","/CxServer/SP/America/checkmarx.com - 1","https://******:******@github.com/kmcdon83/RichesOD.git","refs/heads/kmcdon83-patch-115","Checkmarx Express","12/11/2020 2:05:50 AM","CxFlow","Default Configuration","","","","","",""
"586","kmcdon83-DVWA-kmcdon83-patch-6","/CxServer/SP/America/checkmarx.com - 1","https://******:******@github.com/kmcdon83/DVWA.git","refs/heads/kmcdon83-patch-6","Checkmarx Express","12/11/2020 3:12:03 AM","CxFlow","Default Configuration","","","","","",""
"587","Custodela-Machina-DVWA-kmcdon83-patch-6","/CxServer/SP/America/checkmarx.com - 1","https://******:******@github.com/Custodela-Machina/DVWA.git","refs/heads/kmcdon83-patch-6","Checkmarx Express","12/11/2020 3:09:25 AM","CxFlow","Default Configuration","","","","","",""
"590","ADO-WebGoat.NET","/CxServer/SP/America/Igor-Sandbox","","","Checkmarx Express","12/12/2020 4:14:17 AM","","Default Configuration","","","","","",""
"608","JVL_4IAST","/CxServer/SP/America/checkmarx.com - 1","","","Checkmarx Default","12/13/2020 10:19:24 PM","Jenkins","Default Configuration","","","","","",""
"609","WebGoat_4IAST","/CxServer/SP/America/checkmarx.com - 1","","","High and Medium","12/14/2020 5:28:37 AM","Jenkins","Default Configuration","","","","","",""
"620","CxBallDemo-WebGoatNET-master","/CxServer/SP/America/checkmarx.com - 8596","https://******@dev.azure.com/CxBallDemo/WebGoatNET/_git/WebGoatNET","refs/heads/master","Checkmarx Default","12/16/2020 3:45:33 PM","CxFlow","Default Configuration","","","","","",""
"622","bodgeitgithubaction-master","/CxServer/SP/America/checkmarx.com - 4239","","","Checkmarx Default","12/14/2020 7:52:10 PM","cx-CLI","Default Configuration","","","","","",""
"623","imatlin-demo-php-whitesource-configure","/CxServer/SP/America/Igor-Sandbox","https://******@github.com/imatlin/demo-php.git","refs/heads/whitesource/configure","All","12/14/2020 11:55:14 PM","CxFlow","Default Configuration","","","","","",""
"631","WebGoatNET-CI","/CxServer/SP/America/checkmarx.com - 8596","","","Checkmarx Default","12/18/2020 5:52:37 PM","CxFlow","Default Configuration","","","","","",""
"632","CxBallDemo-WebGoatNET-9-source","/CxServer/SP/America/checkmarx.com - 8596","","","Checkmarx Default",,,"Default Configuration","","","","","",""
"633","CxBallDemo-WebGoatNET-10-source","/CxServer/SP/America/checkmarx.com - 8596","","","Checkmarx Default",,,"Default Configuration","","","","","",""
"634","CxBallDemo-WebGoatNET_2-13-source","/CxServer/SP/America/checkmarx.com - 8596","","","Checkmarx Default",,,"Default Configuration","","","","","",""
"635","CxBallDemo-WebGoatNET_2-14-source","/CxServer/SP/America/checkmarx.com - 8596","","","Checkmarx Default",,,"Default Configuration","","","","","",""
"636","CxBallDemo-WebGoatNET_2-16-source","/CxServer/SP/America/checkmarx.com - 8596","","","Checkmarx Default",,,"Default Configuration","","","","","",""
"637","CxBallDemo-WebGoatNET_2-17-source","/CxServer/SP/America/checkmarx.com - 8596","","","Checkmarx Default",,,"Default Configuration","","","","","",""
"638","CxBallDemo-WebGoatNET_3-master","/CxServer/SP/America/checkmarx.com - 8596","https://******@dev.azure.com/CxBallDemo/WebGoatNET/_git/WebGoatNET_3","refs/heads/master","Checkmarx Default","12/16/2020 2:34:47 AM","CxFlow","Default Configuration","","","","","",""
"639","WebGoatNET","/CxServer/SP/America/checkmarx.com - 8596","","","Checkmarx Default","12/16/2020 4:47:10 AM","CxFlow","Default Configuration","","","","","",""
"641","CxBallDemo-WebGoatNET_New_Feature-master","/CxServer/SP/America/checkmarx.com - 8596","https://******@dev.azure.com/CxBallDemo/WebGoatNET/_git/WebGoatNET_New_Feature","refs/heads/master","Checkmarx Default","12/16/2020 3:52:31 PM","CxFlow","Default Configuration","","","","","",""
"642","CxBallDemo-WebGoatNET-20-source","/CxServer/SP/America/checkmarx.com - 8596","","","Checkmarx Default",,,"Default Configuration","","","","","",""
"643","WebGoatNET-BB-CI","/CxServer/SP/America/checkmarx.com - 8596","","","Checkmarx Default","12/16/2020 7:57:04 PM","","Default Configuration","","","","","",""
"645","$($GITHUB_REPOSITORY)-$($GITHUB_REF)","/CxServer/SP/America/checkmarx.com - 4239","","","Checkmarx Default",,,"Default Configuration","","","","","",""
"646","WebGoatNET-BB_Pipeline","/CxServer/SP/America/checkmarx.com - 8596","","","Checkmarx Default","12/16/2020 6:49:09 PM","CxFlow","Default Configuration","","","","","",""
"654","$($GITHUB_REPOSITORY)-$($GITHUB_REF)","/CxServer/SP/America/NA-RR-PS","","","Checkmarx Default",,,"Default Configuration","","","","","",""
"655","$GITHUB_REPOSITORY-$GITHUB_REF","/CxServer/SP/America/NA-RR-PS","","","Checkmarx Default",,,"Default Configuration","","","","","",""
"656","GITHUB_REPOSITORY-GITHUB_REF","/CxServer/SP/America/NA-RR-PS","","","Checkmarx Default",,,"Default Configuration","","","","","",""
"657","${ GITHUB_REPOSITORY }-${ GITHUB_REF }","/CxServer/SP/America/NA-RR-PS","","","Checkmarx Default",,,"Default Configuration","","","","","",""
"658","bodgeitgithubaction","/CxServer/SP/America/NA-RR-PS/RDR5","","","Checkmarx Default","12/18/2020 2:18:35 PM","cx-CLI","Default Configuration","","","","","",""
"665","NodeGoat","/CxServer/SP/America/NA-RR-PS/RDR5","","","Checkmarx Default","12/18/2020 4:50:24 PM","cx-CLI","Default Configuration","","","","","",""
"666","TradePortal-CI","/CxServer/SP/America/checkmarx.com - 8596","","","Checkmarx Default","12/18/2020 6:14:05 PM","CxFlow","Default Configuration","","","","","",""
"667","PHPFalsePositiveFalseNegative","/CxServer/SP/America/NA-RR-PS/RDR5","","","Checkmarx Default","12/18/2020 7:17:18 PM","cx-CLI","Default Configuration","","","","","",""
"668","dvja","/CxServer/SP/America/NA-RR-PS/RDR5","","","Checkmarx Default","12/18/2020 7:29:07 PM","cx-CLI","Default Configuration","","","","","",""
"669","ASP-NET-CORE-APP","/CxServer/SP/America/NA-RR-PS","","","Checkmarx Default","12/18/2020 8:46:25 PM","cx-CLI","Default Configuration","","","","","",""
"695","Fsnotes_Swift","/CxServer/SP/America/checkmarx.com - 1","https://github.com/glushchenko/fsnotes.git","/refs/heads/master","High and Medium","12/29/2020 12:58:19 AM","Web Portal","Default Configuration","","","","","",""
"706","CxApp","/CxServer/SP/America/checkmarx.com - 1","","","Checkmarx Default","1/5/2021 12:17:14 AM","","Default Configuration","","","","","",""
"707","cxflow_demo-master","/CxServer/SP/America/checkmarx.com - 1","","","Checkmarx Default","1/6/2021 4:52:27 AM","CxFlow","Default Configuration","","","","","",""
"726","CxDemoApp-master","/CxServer/SP/America/checkmarx.com - 1","","","Checkmarx Default","1/17/2021 9:06:11 PM","CxFlow","Default Configuration","","","","","",""
"740","JuiceShop_Jenkins","/CxServer/SP/America/checkmarx.com - 1","","","High and Medium","1/12/2021 7:38:28 AM","Jenkins","Default Configuration","","","","","",""
"751","OWASP_Benchmark","/CxServer/SP/America/checkmarx.com - 1","https://github.com/OWASP/Benchmark.git","/refs/heads/master","Checkmarx Default","1/18/2021 8:01:10 PM","Web Portal","Default Configuration","","","","","",""
"756","sample1","/CxServer/SP/America/PS NA Evaluation/Ashish Pandya","","","Checkmarx Default","1/23/2021 2:03:26 AM","Web Portal","Default Configuration","","","","","",""
"757","test scan","/CxServer/SP/America/PS NA Evaluation/Ashish Pandya","","","Checkmarx Default","1/27/2021 4:44:29 AM","","Default Configuration","","","","","",""
"761","test1 scan","/CxServer/SP/America/PS NA Evaluation/Ashish Pandya","","","Checkmarx Default","1/27/2021 6:27:52 AM","","Default Configuration","","","","","",""
"762","test2 scan","/CxServer/SP/America/PS NA Evaluation/Ashish Pandya","","","Checkmarx Default","2/5/2021 10:36:53 PM","","Default Configuration","","","","","",""
"768","cxchuckb-CxJVM-PR","/CxServer/SP/America/checkmarx.com - 1","","","Checkmarx Default","1/29/2021 7:26:51 PM","CxFlow","Default Configuration","","","","","",""
"769","cxchuckb-CxJVM-Push","/CxServer/SP/America/SE","","","Checkmarx Default","1/29/2021 7:42:11 PM","CxFlow","Default Configuration","","","","","",""
"770","cxchuckb-CxJVM-PR","/CxServer/SP/America/SE","","","Checkmarx Default","1/29/2021 7:43:46 PM","CxFlow","Default Configuration","","","","","",""
"812","Webgoat legacy","/CxServer/SP/America/CustomerFacingDemo/Ethoca-Mastercard-Subsidiary","https://github.com/WebGoat/WebGoat-Legacy.git","/refs/heads/master","Checkmarx Default","2/9/2021 11:11:17 PM","Web Portal","Default Configuration","","","","","",""
"813","JavaVulnerableLab","/CxServer/SP/America/CustomerFacingDemo/Ethoca-Mastercard-Subsidiary","https://github.com/CSPF-Founder/JavaVulnerableLab.git","/refs/heads/master","Checkmarx Default","2/10/2021 3:12:56 AM","Web Portal","Default Configuration","","","","","",""
"814","CxFlowGithub-CxSamShober-patch-18","/CxServer/SP/America/CustomerFacingDemo/Ethoca-Mastercard-Subsidiary/CxSamShober","https://******@github.com/CxSamShober/CxFlowGithub.git","refs/heads/CxSamShober-patch-18","High and Medium","2/10/2021 1:24:18 PM","CxFlow","Default Configuration","","","","","",""
"815","CxFlowGithub-master","/CxServer/SP/America/CustomerFacingDemo/Ethoca-Mastercard-Subsidiary/CxSamShober","https://******@github.com/CxSamShober/CxFlowGithub.git","refs/heads/master","High and Medium","2/10/2021 7:49:47 PM","CxFlow","Default Configuration","","","","","",""
"818","GoCart","/CxServer/SP/America/checkmarx.com - 1","https://github.com/alioygur/gocart.git","/refs/heads/master","Checkmarx Default","5/28/2021 7:10:58 PM","Web Portal","Default Configuration","","","","","",""
"819","LambHack_Go","/CxServer/SP/America/checkmarx.com - 1","https://github.com/wickett/lambhack.git","/refs/heads/master","Checkmarx Default","2/10/2021 4:36:11 PM","Web Portal","Default Configuration","","","","","",""
"821","CxFlowGithub-CxSamShober-patch-19","/CxServer/SP/America/CustomerFacingDemo/Ethoca-Mastercard-Subsidiary/CxSamShober","https://******@github.com/CxSamShober/CxFlowGithub.git","refs/heads/CxSamShober-patch-19","High and Medium","2/10/2021 7:31:06 PM","CxFlow","Default Configuration","","","","","",""
"854","Excersize1","/CxServer/SP/America/PS NA Evaluation/Chris K","","","Checkmarx Default","2/17/2021 7:38:50 PM","","Default Configuration","","","","","",""
"857","Exersize1","/CxServer/SP/America/PS NA Evaluation/Chris K","","","Checkmarx Default","3/1/2021 8:39:13 PM","","Default Configuration","","","","","",""
"860","G3N","/CxServer/SP/America/checkmarx.com - 1","https://github.com/g3n/engine.git","/refs/heads/master","High and Medium","2/18/2021 10:23:46 PM","Web Portal","Default Configuration","","","","","",""
"931","AzureGitTest_Ella","/CxServer/SP/America","","","Checkmarx Default","3/11/2021 2:18:08 AM","","Default Configuration","","","","","",""
"971","python_owasp_1","/CxServer/SP/America","https://github.com/ebranca/owasp-pysec.git","/refs/heads/master","Checkmarx Default","3/24/2021 3:00:21 PM","Web Portal","Default Configuration","","","","","",""
"972","sast-results","/CxServer/SP/America/checkmarx.com - 1","https://******:******@github.com/CheckmarxDev/sast-results.git","/refs/heads/master","All","3/25/2021 12:59:48 AM","Web Portal","Default Configuration","","","","","",""
"973","pyGoat","/CxServer/SP/America","","","All","3/25/2021 6:07:46 PM","Web Portal","Default Configuration","","","","","",""
"1002","RDR3-WebGoatDotNet","/CxServer/SP/America/NA-RR-PS/RDR3/ADO_CXFLOW_DOCKER","","","Checkmarx Default","4/6/2021 7:57:02 PM","CxFlow","Default Configuration","","","","","",""
"1019","ADO-Plugin-FM-SAST-1","/CxServer/SP/America/NA-RR-PS/RDR3/ADO_CXFLOW_DOCKER","","","Checkmarx Default","4/6/2021 7:48:50 PM","","Default Configuration","","","","","",""
"1020","ADO-OSA-CLI-SAST-PLUGIN-FM-1-NodeGoat","/CxServer/SP/America/NA-RR-PS/RDR3/ADO_CXFLOW_DOCKER","","","Custom Example High and Medium","2/13/2022 2:07:22 PM","ADO - dev.azure.com","Default Configuration","","","","","",""
"1031","Bookstore","/CxServer/SP/America/NA-RR-PS/RDR3/ADO_CXFLOW_DOCKER","","","Checkmarx Default","1/7/2022 12:17:50 AM","CxFlow","Default Configuration","","","","","",""
"1048","RDR3-bodgeit-github-action-1","/CxServer/SP/America/NA-RR-PS/RDR3/GITHUB_ACTIONS","","","Checkmarx Default","7/6/2021 8:38:55 PM","CxFlow","Default Configuration","","","","","",""
"1049","dvna","/CxServer/SP/America/NA-RR-PS","","","Checkmarx Default","4/19/2021 5:43:11 PM","","Default Configuration","","","","","",""
"1050","bodgeit-master","/CxServer/SP/America/NA-RR-PS/RDR3/GITHUB_ACTIONS","","","Checkmarx Default","4/19/2021 5:31:06 PM","CxFlow","Default Configuration","","","","","",""
"1165","JVL Test - RW","/CxServer/SP/America/checkmarx.com - 1","","","High and Medium","5/28/2021 7:14:09 PM","Web Portal","Default Configuration","","","","","",""
"1169","HomeAssistant","/CxServer/SP/America","https://github.com/home-assistant/core.git","/refs/heads/dev","High and Medium",,,"Default Configuration","","","","","",""
"1195","Gatsby Breaks Everything","/CxServer/SP/America/checkmarx.com - 1","https://github.com/gatsbyjs/gatsby","/refs/heads/master","OWASP TOP 10 - 2017",,,"Default Configuration","","","","","",""
"1203","WebGoat.NET","/CxServer/SP/America/checkmarx.com - 1","","","Checkmarx Default","7/14/2021 7:32:30 PM","CxFlow","Default Configuration","","","","","",""
"1205","vulnerable-node","/CxServer/SP/America","https://github.com/cr0hn/vulnerable-node.git","/refs/heads/master","All","6/25/2021 3:05:13 PM","Web Portal","Default Configuration","","","","","",""
"1233","JavaVulnerableLab","/CxServer/SP/America/checkmarx.com - 1","","","High and Medium","7/15/2021 3:13:33 PM","CxFlow","Default Configuration","","","","","",""
"1236","php_circleci","/CxServer/SP/America/NA-RR-PS/CIRCLECI","","","Checkmarx Default","7/14/2021 6:56:02 PM","CxFlow","Default Configuration","","","","","",""
"1238","WebGoat.NET---RyanW","/CxServer/SP/America/checkmarx.com - 1","","","High and Medium","7/14/2021 8:00:50 PM","CxFlow","Default Configuration","","","","","",""
"1276","testJava","/CxServer/SP/America","","","Checkmarx Default","7/26/2021 9:15:56 PM","Web Portal","Improved Scan Flow","","","","","",""
"1277","testDotNET_2","/CxServer/SP/America","https://github.com/checkmarx-ltd/cx-flow.git","/refs/tags/1.6.0","High and Medium","7/26/2021 9:31:37 PM","Web Portal","Improved Scan Flow","","","","","",""
"1287","BookStore .NET","/CxServer/SP/America/Strategic/Team6","","","Checkmarx Default","7/29/2021 2:46:36 AM","Web Portal","Improved Scan Flow","","","","","",""
"1306","Java-Vulnerable-Lab---RWDemo","/CxServer/SP/America/checkmarx.com - 1","","","High and Medium","8/2/2021 6:58:39 PM","CxFlow","Default Configuration","","","","","",""
"1309","Testbranch","/CxServer/SP/America/NA-RR-PS/RDR3/ADO_CXFLOW_DOCKER","https://github.com/p5h/perl5demo.git","/refs/heads/blead","Checkmarx Default","8/3/2021 12:19:13 AM","CxFlow","Default Configuration","","","","","",""
"1310","Java-Vulnerable-Lab---RW-Demo-GitHub-Action","/CxServer/SP/America/checkmarx.com - 1","","","High and Medium","9/9/2021 3:12:24 PM","CxFlow","Default Configuration","","","","","",""
"1316","WebGoat - RW ADO Pipeline Build","/CxServer/SP/America/checkmarx.com - 1","","","High and Medium","8/13/2021 3:34:39 PM","ADO dev.azure.com WebGoat","Improved Scan Flow","","","","","",""
"1321","WebGoat - RW Demo ADO Pipeline Build","/CxServer/SP/America/checkmarx.com - 1","","","High and Medium","9/9/2021 3:33:40 PM","ADO dev.azure.com WebGoat","Improved Scan Flow","","","","","",""
"1343","test-123","/CxServer/SP/America","","","High and Medium","8/24/2021 6:52:48 PM","Web Portal","Improved Scan Flow","","","","","",""
"1347","goof","/CxServer/SP/America","","","Checkmarx Default","8/26/2021 7:20:56 PM","Web Portal","Improved Scan Flow","","","","","",""
"1351","iGoat","/CxServer/SP/America/checkmarx.com - 1","","","Checkmarx Default",,,"Improved Scan Flow","","","","","",""
"1358","Node Sink Test","/CxServer/SP/America/checkmarx.com - 1","","","OWASP TOP 10 - 2017","8/31/2021 7:19:07 PM","Web Portal","Improved Scan Flow","","","","","",""
"1377","WebGoat ADO to CxPC Test","/CxServer/SP/America/checkmarx.com - 1","","","OWASP TOP 10 - 2017","12/14/2021 3:08:08 PM","ADO dev.azure.com WebGoat   RW Demo","Default Configuration","","","","","",""
"1378","testDotNET_3","/CxServer/SP/America","https://github.com/jerryhoff/WebGoat.NET.git","/refs/heads/master","All","9/15/2021 6:40:22 AM","Web Portal","Improved Scan Flow","","","","","",""
"1379","workingApp_1","/CxServer/SP/America","","","All","9/15/2021 6:46:10 AM","Web Portal","Improved Scan Flow","","","","","",""
"1380","BookStore","/CxServer/SP/America/gmail.com - 1","","","Checkmarx Default","9/20/2021 12:05:54 PM","Web Portal","Improved Scan Flow","","","","","",""
"1382","MFCx-CastAndCrew-02","/CxServer/SP/America/checkmarx.com - 11506","","","Checkmarx Default","7/11/2022 4:31:02 PM","ADO dev.azure.com MFCx CastAndCrewTest","Default Configuration","","","","","",""
"1383","MFCx-CastAndCrew-03","/CxServer/SP/America/checkmarx.com - 11506","","","Checkmarx Default","7/11/2022 4:32:23 PM","ADO dev.azure.com MFCx SAST .NET","Default Configuration","","","","","",""
"1387","MFCx-ADO_SAST_Demo","/CxServer/SP/America/checkmarx.com - 11506","","","Checkmarx Default","11/30/2021 9:02:49 PM","ADO dev.azure.com SASTDemo","Default Configuration","","","","","",""
"1388","MFCx-VulnNode-SAST","/CxServer/SP/America/checkmarx.com - 11506","","","Checkmarx Default","9/17/2021 12:59:46 AM","ADO dev.azure.com SASTDemo","Improved Scan Flow","","","","","",""
"1389","MFCx-ADO-VulnNode-SAST","/CxServer/SP/America/checkmarx.com - 11506","","","Checkmarx Default","9/17/2021 12:43:20 AM","ADO dev.azure.com SASTDemo","Improved Scan Flow","","","","","",""
"1390","MFCx-ADO-DVTA-SAST+SCA-01","/CxServer/SP/America/checkmarx.com - 11506","","","Checkmarx Default","9/17/2021 1:22:25 AM","ADO dev.azure.com SASTDemo","Improved Scan Flow","","","","","",""
"1391","MFCx-ADO-VulnNode-02","/CxServer/SP/America/checkmarx.com - 11506","","","Checkmarx Default","9/17/2021 1:38:42 AM","ADO dev.azure.com SASTDemo","Improved Scan Flow","","","","","",""
"1392","MFCx-ADO-NodeGoat-01","/CxServer/SP/America/checkmarx.com - 11506","","","Checkmarx Default","9/17/2021 2:00:14 AM","ADO dev.azure.com SASTDemo","Improved Scan Flow","","","","","",""
"1393","MFCx-ADO-Csharp-01","/CxServer/SP/America/checkmarx.com - 11506","","","Checkmarx Default","10/1/2021 7:01:12 PM","ADO dev.azure.com SASTDemo","Improved Scan Flow","","","","","",""
"1400","Bookstore_practice","/CxServer/SP/America/gmail.com - 1","","","Checkmarx Default","9/19/2021 1:38:36 AM","Web Portal","Improved Scan Flow","","","","","",""
"1407","Bookstore_practice_V2","/CxServer/SP/America/gmail.com - 1","","","Checkmarx Default","9/20/2021 12:16:34 PM","Web Portal","Improved Scan Flow","","","","","",""
"1408","Bookstore_practice_V3","/CxServer/SP/America/gmail.com - 1","","","Checkmarx Default","9/20/2021 12:30:01 PM","Web Portal","Improved Scan Flow","","","","","",""
"1409","Bookstore_Presentation","/CxServer/SP/America/gmail.com - 1","","","Checkmarx Default","9/20/2021 1:14:16 PM","Web Portal","Improved Scan Flow","","","","","",""
"1410","Bookstore_Presentation_spanish","/CxServer/SP/America/gmail.com - 1","","","Checkmarx Default","9/20/2021 1:23:18 PM","Web Portal","Improved Scan Flow","","","","","",""
"1414","SCALA_GOAT","/CxServer/SP/America","https://github.com/mikusher/SCALA_GOAT","/refs/heads/master","Checkmarx Default","11/2/2021 7:12:41 PM","Web Portal","Improved Scan Flow","","","","","",""
"1415","SCALA_WOOF","/CxServer/SP/America","https://github.com/snyk/scala-woof","/refs/heads/master","Checkmarx Default","9/20/2021 7:52:24 PM","Web Portal","Improved Scan Flow","","","","","",""
"1421","CxJVL - Original","/CxServer/SP/America/checkmarx.com - 1","https://github.com/CxRW/CxJVL","/refs/heads/master","PCI",,,"Improved Scan Flow","","","","","",""
"1422","CxJVL - Duplicated","/CxServer/SP/America/checkmarx.com - 1","https://github.com/CxRW/CxJVL","/refs/heads/master","PCI",,,"Improved Scan Flow","","","","","",""
"1423","CxJVL - Branched","/CxServer/SP/America/checkmarx.com - 1","https://github.com/CxRW/CxJVL","/refs/heads/master","PCI",,,"Improved Scan Flow","","","","","",""
"1429","ScalaGoat-Akka","/CxServer/SP/America","https://github.com/miguelfreitas93/ScalaGoat-Akka","/refs/heads/master","Checkmarx Default","11/2/2021 7:12:42 PM","Web Portal","Improved Scan Flow","","","","","",""
"1430","ScalaGoat-Play","/CxServer/SP/America","https://github.com/miguelfreitas93/ScalaGoat-Play","/refs/heads/master","Checkmarx Default","11/2/2021 7:11:50 PM","Web Portal","Improved Scan Flow","","","","","",""
"1431","MFCX-ADO_SAST_APEX-01","/CxServer/SP/America/checkmarx.com - 11506","","","Checkmarx Default","9/24/2021 5:54:36 PM","ADO dev.azure.com MFCx APEX SAST 01","Improved Scan Flow","","","","","",""
"1439","APEX_clsfiles-scan-01","/CxServer/SP/America/checkmarx.com - 11506","https://github.com/gbreavin/owasp-top10-salesforce","/refs/heads/master","Checkmarx Default","9/28/2021 5:36:34 PM","Web Portal","Improved Scan Flow","","","","","",""
"1480","MFCx-ADO-WebGoat.NET-01","/CxServer/SP/America/checkmarx.com - 11506","","","Checkmarx Default","4/4/2022 9:13:07 PM","ADO dev.azure.com SASTDemo","Default Configuration","","","","","",""
"1503","MFCx-AZ-JVL-01","/CxServer/SP/America/checkmarx.com - 11506","","","Checkmarx Default","4/4/2022 3:43:18 PM","ADO dev.azure.com SAST SCA Demo","Default Configuration","","","","","",""
"1508","SeanCarroll_Test","/CxServer/SP/America","","","Checkmarx Default","10/8/2021 8:00:41 PM","cx-CLI","Default Configuration","","","","","",""
"1510","EasyBuggy","/CxServer/SP/America","","","Checkmarx Default","10/11/2021 8:24:42 PM","Web Portal","Improved Scan Flow","","","","","",""
"1511","GithubActionTest","/CxServer/SP/America","","","Checkmarx Default","10/11/2021 8:58:46 PM","CxFlow","Default Configuration","","","","","",""
"1538","casbah","/CxServer/SP/America","https://github.com/mongodb/casbah","/refs/heads/master","Checkmarx Default","11/1/2021 8:27:02 PM","Web Portal","Improved Scan Flow","","","","","",""
"1539","samza","/CxServer/SP/America","https://github.com/apache/samza","/refs/heads/master","Checkmarx Default","11/1/2021 8:48:13 PM","Web Portal","Improved Scan Flow","","","","","",""
"1548","miniboxing-plugin","/CxServer/SP/America","https://github.com/miniboxing/miniboxing-plugin","/refs/heads/master","Checkmarx Default","11/2/2021 7:22:14 PM","Web Portal","Improved Scan Flow","","","","","",""
"1549","atlas","/CxServer/SP/America","https://github.com/apache/atlas","/refs/heads/master","Checkmarx Default","11/2/2021 7:35:02 PM","Web Portal","Improved Scan Flow","","","","","",""
"1550","finagle","/CxServer/SP/America","https://github.com/twitter/finagle","/refs/heads/release","Checkmarx Default",,,"Improved Scan Flow","","","","","",""
"1557","checkmarx.com - 11506","/CxServer/SP/America","","","Checkmarx Default","11/3/2021 6:58:44 PM","cx-CLI","Default Configuration","","","","","",""
"1558","static","/CxServer/SP/America","","","Checkmarx Default","11/3/2021 7:00:17 PM","cx-CLI","Default Configuration","","","","","",""
"1576","Testkdlksfdlkjfds","/CxServer/SP/America","https://github.com/CSPF-Founder/JavaVulnerableLab.git","/refs/heads/master","High and Medium","1/1/2023 12:30:05 PM","System","Improved Scan Flow","","","","","",""
"1601","Prontovid","/CxServer/SP/America/gmail.com - 37758","","","Checkmarx Default","11/19/2021 8:17:43 PM","Web Portal","Improved Scan Flow","","","","","",""
"1602","Entidades","/CxServer/SP/America/gmail.com - 37758","","","All","11/19/2021 8:26:34 PM","Web Portal","Multi-language Scan","","","","","",""
"1608","Project Exercicio Nova 8","/CxServer/SP/America/gmail.com - 23584","","","Checkmarx Default","11/24/2021 6:23:07 PM","Web Portal","Default Configuration","","","","","",""
"1611","ExercicioNova8","/CxServer/SP/America/gmail.com - 23584","","","Checkmarx Default","11/30/2021 4:14:23 PM","Jenkins localhost ExercicioNova8","Improved Scan Flow","","","","","",""
"1614","Projeto Corrigido","/CxServer/SP/America/gmail.com - 23584","","","Checkmarx Default","11/25/2021 9:00:32 PM","Web Portal","Default Configuration","","","","","",""
"1615","Projeto Corrigido 2","/CxServer/SP/America/gmail.com - 23584","","","Checkmarx Default","11/25/2021 9:06:30 PM","Web Portal","Default Configuration","","","","","",""
"1616","Projeto Corrigido 3","/CxServer/SP/America/gmail.com - 23584","","","Checkmarx Default","11/25/2021 9:20:32 PM","Web Portal","Default Configuration","","","","","",""
"1617","Projeto Corrigido 4","/CxServer/SP/America/gmail.com - 23584","","","Checkmarx Default","11/25/2021 9:25:51 PM","Web Portal","Default Configuration","","","","","",""
"1618","Projeto Corrigido 5","/CxServer/SP/America/gmail.com - 23584","","","Checkmarx Default","11/25/2021 9:31:52 PM","Web Portal","Default Configuration","","","","","",""
"1619","Projeto Corrigido 6","/CxServer/SP/America/gmail.com - 23584","","","Checkmarx Default","11/25/2021 9:49:10 PM","Web Portal","Default Configuration","","","","","",""
"1631","Node Propagator","/CxServer/SP/America/checkmarx.com - 1","","","High and Medium and Low","12/2/2021 9:41:53 PM","Web Portal","Improved Scan Flow","","","","","",""
"1637","SeanNewBranch","/CxServer/SP/America","https://github.com/CxSeanOrg/SeanAST","/refs/heads/dev","High and Medium","12/12/2021 12:30:09 PM","System","Improved Scan Flow","","","","","",""
"1638","WebGoat ADO to CxPrivateCloud","/CxServer/SP/America/checkmarx.com - 1","","","OWASP TOP 10 - 2017","4/26/2022 1:54:29 PM","ADO dev.azure.com WebGoat   RW Demo","Default Configuration","","","","","",""
"1679","Bookstore","/CxServer/SP/America","https://github.com/CxSeanOrg/Bookstore","/refs/heads/main","Checkmarx Default","1/7/2022 10:18:05 PM","Web Portal","Improved Scan Flow","","","","","",""
"1680","Bookstore-dev","/CxServer/SP/America/NA-RR-PS/RDR3/ADO_CXFLOW_DOCKER","https://github.com/CxSeanOrg/Bookstore","/refs/heads/dev","Checkmarx Default","1/7/2022 12:17:50 AM","CxFlow","Default Configuration","","","","","",""
"1681","Bookstore-prod","/CxServer/SP/America","https://github.com/CxSeanOrg/Bookstore","/refs/heads/prod","Checkmarx Default","1/7/2022 2:39:22 PM","Web Portal","Improved Scan Flow","","","","","",""
"1687","ExtremeBestFix","/CxServer/SP/America","","","Checkmarx Default","1/7/2022 10:22:10 PM","Web Portal","Improved Scan Flow","","","","","",""
"1688","FM-test-example","/CxServer/SP/America/NA-RR-PS/RDR3/ADO_CXFLOW_DOCKER","","","XSS and SQLi only","3/4/2022 12:05:24 AM","CxFlow","Default Configuration","","","","","",""
"1692","ProjectX","/CxServer/SP/America","","","ASD STIG 5 1","1/10/2022 5:32:35 PM","Web Portal","Improved Scan Flow","","","","","",""
"1694","Rails_6.0_Test","/CxServer/SP/America","https://github.com/AKRathore/rails-6-demo","/refs/heads/master","Checkmarx Default","1/10/2022 9:31:00 PM","Web Portal","Improved Scan Flow","","","","","",""
"1695","drhenner_ror_ecommerce","/CxServer/SP/America","https://github.com/drhenner/ror_ecommerce","/refs/heads/master","Checkmarx Default","1/10/2022 9:43:37 PM","Web Portal","Improved Scan Flow","","","","","",""
"1696","Dandush03_Microvers-RoR-Capstone","/CxServer/SP/America","https://github.com/Dandush03/Microvers-RoR-Capstone","/refs/heads/master","Checkmarx Default","1/10/2022 9:42:33 PM","Web Portal","Improved Scan Flow","","","","","",""
"1704","bookstore_java","/CxServer/SP/America/hotmail.com - 9093","","","Checkmarx Default","1/13/2022 3:25:21 PM","Web Portal","Improved Scan Flow","","","","","",""
"1706","2022New_L4J_CLI","/CxServer/SP/America/NA-RR-PS/RDR3","","","High and Medium","1/21/2022 5:46:01 PM","cx-CLI","Default Configuration","","","","","",""
"1708","AltoroJ_Rusty","/CxServer/SP/America","https://github.com/CxRustySides/AltoroJ.git","/refs/heads/master","Checkmarx Default","1/14/2022 11:24:19 PM","Web Portal","Improved Scan Flow","","","","","",""
"1719","Source Code Analysis Foundations","/CxServer/SP/America/gmail.com - 1","","","Checkmarx Default","1/26/2022 3:20:17 PM","Web Portal","Improved Scan Flow","","","","","",""
"1724","ella php","/CxServer/SP/America/Strategic","","","A1 test ignore","1/28/2022 7:59:50 PM","Web Portal","Multi-language Scan","","","","","",""
"1736","TG_CxSAST_Jenkins_Pipeline","/CxServer/SP/America/gmail.com - 1","","","Checkmarx Default","3/22/2022 10:19:08 PM","Jenkins localhost TG CxSAST Jenkins Pipeline","Improved Scan Flow","","","","","",""
"1737","JavaVulnerableLab","/CxServer/SP/America/gmail.com - 1","","","Checkmarx Default","2/3/2022 1:33:00 AM","cx-intellij","Default Configuration","","","","","",""
"1740","TG_Onboarding_Lab","/CxServer/SP/America/gmail.com - 1","","","Checkmarx Default","2/4/2022 4:35:38 PM","Web Portal","Improved Scan Flow","","","","","",""
"1745","TG_SimpleXSS_SAST_Training","/CxServer/SP/America/gmail.com - 1","","","Checkmarx Default","2/7/2022 12:26:51 AM","Web Portal","Improved Scan Flow","","","","","",""
"1747","CxJVL - Test1","/CxServer/SP/America/checkmarx.com - 1","","","Checkmarx Default","2/9/2022 2:50:18 AM","cx-CLI","Default Configuration","","","","","",""
"1748","CxJVL2","/CxServer/SP/America/checkmarx.com - 1","","","Checkmarx Default","2/9/2022 2:55:24 AM","cx-CLI","Default Configuration","","","","","",""
"1749","BitBucket CxJVL","/CxServer/SP/America/checkmarx.com - 1","","","High and Medium","2/9/2022 3:47:31 AM","cx-CLI","Default Configuration","","","","","",""
"1750","CX_PROJECT","/CxServer/SP/America/checkmarx.com - 1","","","High and Medium","2/9/2022 3:15:19 AM","cx-CLI","Default Configuration","","","","","",""
"1751","BitBucket Pipeline CxJVL","/CxServer/SP/America/checkmarx.com - 1","","","High and Medium","2/9/2022 4:04:52 AM","cx-CLI","Default Configuration","","","","","",""
"1752","RW Demo - BitBucket Pipeline CxJVL","/CxServer/SP/America/checkmarx.com - 1","","","High and Medium","2/9/2022 2:38:51 PM","cx-CLI","Default Configuration","","","","","",""
"1799","CxDemo","/CxServer/SP/America/CxLite","","","Checkmarx Default","2/23/2022 7:48:58 PM","Web Portal","Default Configuration","","","","","",""
"1800","soma-cxlite-demo","/CxServer/SP/America/CxLite","","","Checkmarx Default","2/23/2022 7:59:18 PM","Web Portal","Default Configuration","","","","","",""
"1834","FM-Testing-Spring-2021","/CxServer/SP/America/NA-RR-PS/RDR3/ADO_CXFLOW_DOCKER","","","XSS and SQLi only","3/28/2022 12:03:59 AM","CxFlow","Default Configuration","","","","","",""
"1843","TechInterview_Test_1","/CxServer/SP/America/PS NA Evaluation/PSNA Candidates3","","","Checkmarx Default","3/11/2022 9:27:01 PM","cx-CLI","Default Configuration","","","","","",""
"1845","TechnicalChallenge","/CxServer/SP/America/PS NA Evaluation/PSNA Candidates3","","","Checkmarx Default","3/10/2022 5:02:34 AM","cx-CLI","Default Configuration","","","","","",""
"1848","CxBank-JavaApp","/CxServer/SP/America","https://github.com/dahkath/CxBank-JavaApp","/refs/heads/main","Checkmarx Default","3/10/2022 2:45:06 PM","Web Portal","Improved Scan Flow","","","","","",""
"1851","SAST Pipeline JVL ADO Demo","/CxServer/SP/America","","","High and Medium","6/29/2022 1:17:16 AM","ADO dev.azure.com SAST Pipeline JVL Demo","Default Configuration","","","","","",""
"1873","ffdsadgsgds","/CxServer/SP/America","https://github.com/CSPF-Founder/JavaVulnerableLab.git","/refs/heads/master","Checkmarx Default","3/22/2022 8:10:25 PM","Web Portal","Improved Scan Flow","","","","","",""
"1884","WebGoat - OWASP 2021","/CxServer/SP/America/checkmarx.com - 1","https://github.com/WebGoat/WebGoat","/refs/heads/main","OWASP TOP 10 - 2021","3/24/2022 8:30:31 PM","Web Portal","Improved Scan Flow","","","","","",""
"1890","ADO-Pipeline-FM","/CxServer/SP/America/NA-RR-PS/RDR3/ADO_CXFLOW_DOCKER","","","XSS and SQLi only","4/11/2022 12:05:06 AM","CxFlow","Default Configuration","","","","","",""
"1893","jsonJS","/CxServer/SP/America","","","Checkmarx Default","3/30/2022 4:10:41 PM","Web Portal","Default Configuration","","","","","",""
"1896","eShopOnWeb","/CxServer/SP/America/checkmarx.com - 11506","","","Checkmarx Default","4/4/2022 4:56:36 PM","ADO dev.azure.com DEMO ADO POC SASTnSCA","Default Configuration","","","","","",""
"1897","MFCx1234567","/CxServer/SP/America/checkmarx.com - 11506","","","High and Medium","4/5/2022 4:00:02 PM","CxFlow","Default Configuration","","","","","",""
"1898","WebGoat.NET - OWASP 2021","/CxServer/SP/America/checkmarx.com - 1","https://github.com/jerryhoff/WebGoat.NET","/refs/heads/master","OWASP TOP 10 - 2021","4/5/2022 4:29:18 PM","Web Portal","Improved Scan Flow","","","","","",""
"1899","test","/CxServer/SP/America/SE","","","Checkmarx Default",,,"Improved Scan Flow","","","","","",""
"1900","test2","/CxServer/SP/America/SE","","","Checkmarx Default","4/7/2022 3:55:07 PM","Web Portal","Improved Scan Flow","","","","","",""
"1902","ADO-Pipeline-FM-Branch 1","/CxServer/SP/America/NA-RR-PS/RDR3/ADO_CXFLOW_DOCKER","https://github.com/rdr3/test","/refs/heads/master","XSS and SQLi only","4/11/2022 7:36:32 PM","Web Portal","Default Configuration","","","","","",""
"1903","FM-ado run","/CxServer/SP/America/NA-RR-PS/RDR3/ADO_CXFLOW_DOCKER","","","XSS and SQLi only","4/21/2022 12:03:50 AM","CxFlow","Default Configuration","","","","","",""
"1909","Gardener","/CxServer/SP/America","https://github.com/gardener/gardener.git","/refs/heads/master","All",,,"Improved Scan Flow","","","","","",""
"1910","Busola","/CxServer/SP/America","https://github.com/kyma-project/busola.git","/refs/heads/main","High and Medium","4/15/2022 6:15:52 PM","Web Portal","Improved Scan Flow","","","","","",""
"1913","Micah Test","/CxServer/SP/America/SE","","","Checkmarx Default",,,"Improved Scan Flow","","","","","",""
"1914","Micah Test 2","/CxServer/SP/America/SE/Test_Team","","","Checkmarx Default","4/18/2022 3:40:30 PM","Web Portal","Improved Scan Flow","","","","","",""
"1915","Micah Test 3","/CxServer/SP/America/SE/new team","","","Checkmarx Default","9/19/2022 7:50:44 PM","Web Portal","Improved Scan Flow","","","","","",""
"1920","destiantion test","/CxServer/SP/America/SE","","","Checkmarx Default","4/21/2022 9:54:17 PM","Web Portal","Improved Scan Flow","","","","","",""
"1921","FM-ADO-TEST-NODE","/CxServer/SP/America/NA-RR-PS/RDR3/ADO_CXFLOW_DOCKER","","","XSS and SQLi only","1/3/2023 12:03:18 AM","CxFlow","Default Configuration","","","","","",""
"1922","dvna-results-test","/CxServer/SP/America","https://github.com/appsecco/dvna","/refs/heads/master","XSS and SQLi only","4/26/2022 1:00:03 PM","Web Portal","Improved Scan Flow","","","","","",""
"1923","ADO-OSA-CLI-SAST-PLUGIN-Freeport-1-NodeGoat","/CxServer/SP/America/NA-RR-PS/RDR3/ADO_CXFLOW_DOCKER","","","Custom Example High and Medium","12/11/2022 9:18:51 AM","ADO - dev.azure.com","Improved Scan Flow","","","","","",""
"1932","BookStore","/CxServer/SP/America/gmail.com - 46555","","","Checkmarx Default","5/4/2022 8:53:28 PM","Web Portal","Improved Scan Flow","","","","","",""
"1934","customer_question","/CxServer/SP/America/gmail.com - 46555","","","Checkmarx Default","5/6/2022 4:23:57 PM","Web Portal","Improved Scan Flow","","","","","",""
"1948","JavaVulnerableLab-master","/CxServer/SP/America/SE","","","Checkmarx Default","5/14/2022 9:36:01 PM","CxFlow","Default Configuration","","","","","",""
"1960","Project 22 (Maven)","/CxServer/SP/America/SE","","","All","5/20/2022 1:50:45 PM","Maven","Default Configuration","","","","","",""
"1966","Fef Workshop","/CxServer/SP/America/checkmarx.com - 1","https://github.com/afeferman/cxworkshop","/refs/heads/master","Checkmarx Default","5/23/2022 3:53:56 PM","Web Portal","Improved Scan Flow","","","","","",""
"1973","TestScan1","/CxServer/SP/America/PS NA Evaluation/PSNA Candidates2","https://github.com/DoorwaySixteen/NodeGoat.git","refs/heads/master","Checkmarx Default","5/31/2022 2:38:41 PM","Web Portal","Improved Scan Flow","","","","","",""
"1974","test","/CxServer/SP/America/PS NA Evaluation/PSNA Candidates","","","Checkmarx Default","6/23/2022 7:25:10 PM","cx-CLI","Improved Scan Flow","","","","","",""
"1975","test 2","/CxServer/SP/America/PS NA Evaluation/PSNA Candidates","","","Checkmarx Default","5/31/2022 7:28:45 PM","Web Portal","Improved Scan Flow","","","","","",""
"1976","test3","/CxServer/SP/America/PS NA Evaluation/PSNA Candidates","","","Checkmarx Default","5/31/2022 8:30:51 PM","cx-CLI","Default Configuration","","","","","",""
"1978","NodeGoat","/CxServer/SP/America/PSNA/AlanNguyen","https://github.com/OWASP/NodeGoat.git","/refs/heads/master","Checkmarx Default","6/22/2022 3:15:49 PM","Web Portal","Improved Scan Flow","","","","","",""
"1982","VulnPhpTest","/CxServer/SP/America","","","Checkmarx Default","6/10/2022 3:55:33 PM","Web Portal","Improved Scan Flow","","","","","",""
"1991","Insecure Bank - .NET Core","/CxServer/SP/America/checkmarx.com - 1","","","High and Medium","6/24/2022 5:04:13 PM","Web Portal","Improved Scan Flow","","","","","",""
"1996","TG_ADO_CxSAST+Pipeline","/CxServer/SP/America","","","High and Medium","6/29/2022 1:29:17 AM","ADO dev.azure.com Running a Scan from Azure DevOps","Default Configuration","","","","","",""
"1997","WebGoat","/CxServer/SP/America/PSNA/PatrickMichael/TestTeam","https://github.com/WebGoat/WebGoat.git","/refs/heads/release/v8.2.2","Checkmarx Default","6/29/2022 3:49:09 AM","Web Portal","Improved Scan Flow","","","","","",""
"1998","hello_this_is_alice","/CxServer/SP/America/PSNA/PatrickMichael/TestTeam","https://github.com/juice-shop/juice-shop","/refs/heads/master","Checkmarx Default","6/29/2022 2:47:22 PM","Web Portal","Improved Scan Flow","","","","","",""
"1999","call_me_francine","/CxServer/SP/America/PSNA/PatrickMichael/TestTeam","https://github.com/juice-shop/juice-shop","/refs/heads/master","Checkmarx Default","6/29/2022 2:49:12 PM","Web Portal","Improved Scan Flow","","","","","",""
"2000","TG_CxSAST_ADO_Pipeline_YML_JVL","/CxServer/SP/America","","","High and Medium and Low","7/21/2022 4:46:10 PM","CxFlow","Default Configuration","","","","","",""
"2001","TG_CxSAST_ADO_Pipeline","/CxServer/SP/America","","","Checkmarx Default","7/25/2022 3:17:57 PM","CxFlow","Default Configuration","","","","","",""
"2006","Test Scan","/CxServer/SP/America/Strategic/Team2","","","Checkmarx Default","7/6/2022 6:51:35 PM","Web Portal","Improved Scan Flow","","","","","",""
"2008","cxflow-gitrunners","/CxServer/SP/America/PSNA","","","Checkmarx Default","7/7/2022 5:21:20 AM","cx-CLI","Improved Scan Flow","","","","","",""
"2009","Second run","/CxServer/SP/America/Strategic/Team2","","","Checkmarx Default","7/7/2022 12:27:52 PM","Web Portal","Improved Scan Flow","","","","","",""
"2019","Exerccio de simulao","/CxServer/SP/America/hotmail.com - 55","","","Checkmarx Default","7/12/2022 4:25:26 PM","Web Portal","Improved Scan Flow","","","","","",""
"2020","Micah Integration","/CxServer/SP/America/SE/new team","","","Checkmarx Default","7/12/2022 7:27:37 PM","Web Portal","Improved Scan Flow","","","","","",""
"2022","Projeto1","/CxServer/SP/America/hotmail.com - 55","","","Checkmarx Default","7/13/2022 5:17:18 PM","Web Portal","Improved Scan Flow","","","","","",""
"2023","Book Store","/CxServer/SP/America/Strategic/Team3","","","Checkmarx Default","7/14/2022 3:00:20 PM","Web Portal","Default Configuration","","","","","",""
"2024","testApexCode","/CxServer/SP/America","https://github.com/jclark434175/testCode","/refs/heads/main","All","7/21/2022 5:27:13 PM","Web Portal","Improved Scan Flow","","","","","",""
"2025","PhP","/CxServer/SP/America/hotmail.com - 55","","","Checkmarx Default",,,"Improved Scan Flow","","","","","",""
"2035","Book Store Patched","/CxServer/SP/America/Strategic/Team3","","","Checkmarx Default","7/17/2022 9:25:42 PM","Web Portal","Default Configuration","","","","","",""
"2059","webgoat teset","/CxServer/SP/America","https://github.com/WebGoat/WebGoat","/refs/heads/main","Checkmarx Default","7/26/2022 10:23:03 PM","Web Portal","Improved Scan Flow","","","","","",""
"2060","AltoroJ Test","/CxServer/SP/America","https://github.com/HCL-TECH-SOFTWARE/AltoroJ","/refs/heads/master","Checkmarx Default","7/26/2022 10:24:40 PM","Web Portal","Improved Scan Flow","","","","","",""
"2073","qqqqqqqqqqqqqqqqqqqqqqqqqqqqqqqqqqqqqqqqqqqqqqqqqqqqqqqqqqqqqqqqqqqqqqqqqqqqqqqqqqqqqqqqqqqqqqqqqqqqqqqqqqqqqqqqqqqqqqqqqqqqqqqqqqqqqqqqqqqqqqqqqqqqqqqqqqqqqqqqqqqqqqqqqqqqqqqqqqqqqqqqqqqqqqqqqqqqqqqq","/CxServer/SP/America/PSNA/PatrickMichael/TestTeam","https://github.com/rdr3/test","/refs/heads/master","Checkmarx Default","8/19/2022 7:21:01 PM","Web Portal","Improved Scan Flow","","","","","",""
"2074","eeeeeeeeeeeeeeeeeeeeeeeeeeeeeeeeeeeeeeeeeeeeeeeeeeeeeeeeeeeeeeeeeeeeeeeeeeeeeeeeeeeeeeeeeeeeeeeeeeeeeeeeeeeeeeeeeeeeeeeeeeeeeeeeeeeeeeeeeeeeeeeeeeeeeeeeeeeeeeeeeeeeeeeeeeeeeeeeeeeeeeeeeeeeeeeeeeeeeeee","/CxServer/SP/America/PSNA/PatrickMichael/TestTeam","https://github.com/rdr3/test","/refs/heads/master","Checkmarx Default","8/19/2022 7:22:08 PM","Web Portal","Improved Scan Flow","","","","","",""
"2079","checkmarx-main","/CxServer/SP/America","","","Checkmarx Default",,,"Default Configuration","","","","","",""
"2082","mglCLItest","/CxServer/SP/America","https://github.com/CSPF-Founder/JavaVulnerableLab.git","/refs/heads/master","Checkmarx Default","8/30/2022 5:51:15 PM","cx-CLI","Improved Scan Flow","","","","","",""
"2084","TruffleHog","/CxServer/SP/America/checkmarx.com - 1","https://github.com/NirCheckmarx/TruffleHogDemo","/refs/heads/master","All","8/30/2022 12:24:30 PM","Web Portal","Improved Scan Flow","","","","","",""
"2085","mglNavApp","/CxServer/SP/America","","","High and Medium","8/30/2022 7:51:32 PM","cx-CLI","Default Configuration","","","","","",""
"2086","NavApp","/CxServer/SP/America","","","High and Medium","8/31/2022 5:14:30 PM","cx-CLI","Default Configuration","","","","","",""
"2091","NodeGoat","/CxServer/SP/America","","","High and Medium","9/1/2022 5:35:27 PM","cx-CLI","Default Configuration","","","","","",""
"2097","NavApp","/CxServer/SP/America/PS NA Evaluation","","","Checkmarx Default","9/6/2022 7:17:44 PM","cx-CLI","Default Configuration","","","","","",""
"2118","Support case 2","/CxServer/SP/America/NA-Support/Team3","","","Checkmarx Default","9/20/2022 3:32:01 PM","Web Portal","Default Configuration","","","","","",""
"2119","Support case 3","/CxServer/SP/America/NA-Support/Team3","","","Checkmarx Default",,,"Improved Scan Flow","","","","","",""
"2120","Support case 4","/CxServer/SP/America/NA-Support/Team3","","","Checkmarx Default",,,"Improved Scan Flow","","","","","",""
"2122","support case 5","/CxServer/SP/America/NA-Support/Team3","","","Checkmarx Default","9/21/2022 4:03:55 PM","Web Portal","Improved Scan Flow","","","","","",""
"2123","Support case 6","/CxServer/SP/America/NA-Support/Team3","","","Checkmarx Default","9/21/2022 7:04:39 PM","Web Portal","Improved Scan Flow","","","","","",""
"2124","Support case 7","/CxServer/SP/America/NA-Support/Team3","","","Checkmarx Default","9/21/2022 7:18:01 PM","Web Portal","Improved Scan Flow","","","","","",""
"2125","Support case 10","/CxServer/SP/America/NA-Support/Team3","","","Checkmarx Default","9/21/2022 8:10:22 PM","Web Portal","Improved Scan Flow","","","","","",""
"2126","Sample","/CxServer/SP/America/NA-Support/Team3","","","Checkmarx Default","9/21/2022 8:27:14 PM","Web Portal","Improved Scan Flow","","","","","",""
"2127","Sample1","/CxServer/SP/America/NA-Support/Team3","","","Checkmarx Default","9/21/2022 9:26:29 PM","Web Portal","Improved Scan Flow","","","","","",""
"2128","Final report","/CxServer/SP/America/NA-Support/Team3","","","Checkmarx Default","9/21/2022 9:55:25 PM","Web Portal","Improved Scan Flow","","","","","",""
"2129","Jose Quezada","/CxServer/SP/America/NA-Support/Team4","","","Checkmarx Default","9/23/2022 7:59:39 PM","Web Portal","Improved Scan Flow","","","","","",""
"2131","Tunde's Project","/CxServer/SP/America/NA-Support/Team5","","","Checkmarx Default","9/28/2022 3:03:18 PM","Web Portal","Default Configuration","","","","","",""
"2132","Tunde's Billing","/CxServer/SP/America/NA-Support/Team5","","","Checkmarx Default","9/26/2022 5:38:22 PM","Web Portal","Default Configuration","","","","","",""
"2133","Tunde's Webinar","/CxServer/SP/America/NA-Support/Team5","","","Checkmarx Default","9/27/2022 4:37:52 PM","Web Portal","Default Configuration","","","","","",""
"2137","Jose-Quezada-1","/CxServer/SP/America/NA-Support/Team4","","","Checkmarx Default","9/26/2022 10:42:34 PM","Web Portal","Improved Scan Flow","","","","","",""
"2138","DVWA_priv","/CxServer/SP/America/PSNA/PatrickMichael","https://github.com/DoorwaySixteen/dvwa.git","/refs/heads/master","High and Medium and Low","9/27/2022 1:42:12 PM","Web Portal","Improved Scan Flow","","","","","",""
"2139","Tunde's Demo Tester","/CxServer/SP/America/NA-Support/Team5","","","Checkmarx Default","9/28/2022 3:10:38 PM","Web Portal","Default Configuration","","","","","",""
"2141","Tunde's Demo Tester 2","/CxServer/SP/America/NA-Support/Team5","","","Checkmarx Default","9/29/2022 4:45:32 PM","Web Portal","Default Configuration","","","","","",""
"2143","UmairKhalid Test","/CxServer/SP/America/NA-Support/Team1","","","Checkmarx Default","10/2/2022 7:38:19 PM","Web Portal","Improved Scan Flow","","","","","",""
"2144","UmairKhalid  Test 2","/CxServer/SP/America/NA-Support/Team1","","","Checkmarx Default","10/2/2022 9:15:42 PM","Web Portal","Improved Scan Flow","","","","","",""
"2145","UmairKhalid  Test 3","/CxServer/SP/America/NA-Support/Team1","","","Checkmarx Default","10/2/2022 10:07:32 PM","Web Portal","Improved Scan Flow","","","","","",""
"2147","UmairKhalid  Test 4","/CxServer/SP/America/NA-Support/Team1","","","Checkmarx Default","10/3/2022 1:55:06 PM","Web Portal","Improved Scan Flow","","","","","",""
"2148","UmairKhalid  Test 5","/CxServer/SP/America/NA-Support/Team1","","","Checkmarx Default","10/3/2022 2:29:07 PM","Web Portal","Improved Scan Flow","","","","","",""
"2149","UmairKhalid  Test 6","/CxServer/SP/America/NA-Support/Team1","","","Checkmarx Default","10/3/2022 4:21:32 PM","Web Portal","Improved Scan Flow","","","","","",""
"2150","UmairKhalid  Test 8","/CxServer/SP/America/NA-Support/Team1","","","Checkmarx Default","10/3/2022 4:32:33 PM","Web Portal","Improved Scan Flow","","","","","",""
"2151","UmairKhalid  Test 9","/CxServer/SP/America/NA-Support/Team1","","","Checkmarx Default","10/3/2022 4:40:12 PM","Web Portal","Improved Scan Flow","","","","","",""
"2152","Test 1 Umair Khalid","/CxServer/SP/America/NA-Support/Team1","","","Checkmarx Default","10/3/2022 4:50:33 PM","Web Portal","Improved Scan Flow","","","","","",""
"2153","Test Umair","/CxServer/SP/America/NA-Support/Team1","","","Checkmarx Default","10/3/2022 6:11:36 PM","Web Portal","Improved Scan Flow","","","","","",""
"2154","JVL-GS","/CxServer/SP/America","https://github.com/CxTyler/JVL.git","/refs/heads/master","High and Medium","10/3/2022 8:19:37 PM","Web Portal","Improved Scan Flow","","","","","",""
"2155","MGL_SAST_Freestyle","/CxServer/SP/America/PSNA","","","Checkmarx Default","10/20/2022 9:17:27 PM","Jenkins/2022.3.3 localhost SAST Freestyle","Improved Scan Flow","","","","","",""
"2156","cxflowdemo_PK4-master","/CxServer/SP/America/PSNA/PatrickMichael","","","Checkmarx Default","12/12/2022 2:52:20 AM","CxFlow","Default Configuration","","","","","",""
"2158","BookStore Net Scanning Project","/CxServer/SP/America/NA-Support/Team6","","","Checkmarx Default","10/6/2022 9:00:46 PM","Web Portal","Improved Scan Flow","","","","","",""
"2165","BookStore Net Scanning Project Fixes Applied","/CxServer/SP/America/NA-Support/Team6","https://github.com/Arober97/BookStore_NET_FixesApplied","/refs/heads/main","Checkmarx Default","10/7/2022 9:46:39 AM","Web Portal","Improved Scan Flow","","","","","",""
"2169","BookStore","/CxServer/SP/America/NA-Support/Team2","","","Checkmarx Default","10/10/2022 10:09:54 PM","Web Portal","Improved Scan Flow","","","","","",""
"2170","YSNoteSOAP","/CxServer/SP/America","https://github.com/yusufsefasezer/YSNoteSOAP","/refs/heads/master","Checkmarx Default","10/17/2022 8:46:58 PM","Web Portal","Improved Scan Flow","","","","","",""
"2171","linkit-govway","/CxServer/SP/America","https://github.com/link-it/govway","/refs/heads/master","Checkmarx Default",,,"Improved Scan Flow","","","","","",""
"2172","New","/CxServer/SP/America/SE","","","OWASP TOP 10 - 2021 Exploitable path","10/19/2022 4:58:21 PM","Web Portal","Improved Scan Flow","","","","","",""
"2173","JA-ProjTest","/CxServer/SP/America/PSNA","","","Checkmarx Default","10/20/2022 6:21:48 PM","Web Portal","Improved Scan Flow","","","","","",""
"2174","JA-WebGoat","/CxServer/SP/America/PSNA/tsunez","","","High and Medium","10/20/2022 9:00:53 PM","CxFlow","Default Configuration","","","","","",""
"2175","JA-WebGoat-Xcode","/CxServer/SP/America/PSNA","","","High and Medium","10/20/2022 10:07:16 PM","CxFlow","Default Configuration","","","","","",""
"2176","JA-WebGoat-iGoat","/CxServer/SP/America/PSNA","","","High and Medium","10/20/2022 11:11:08 PM","CxFlow","Default Configuration","","","","","",""
"2184","bodgeit","/CxServer/SP/America/NA-RR-PS/bitbucket","","","Checkmarx Default","11/18/2022 9:52:33 PM","Web Portal","Improved Scan Flow","","","","","",""
"2186","cxflowdemo_PK4-configure","/CxServer/SP/America/PSNA/PatrickMichael","","","Checkmarx Default","11/21/2022 2:57:05 PM","CxFlow","Default Configuration","","","","","",""
"2187","NodeGoatGit","/CxServer/SP/America/PSNA/AlanNguyen","","","Checkmarx Default","11/22/2022 5:05:18 PM","CxFlow","Improved Scan Flow","","","","","",""
"2189","DoorwaySixteen-WebGoat","/CxServer/SP/America/PSNA/PatrickMichael","","","Checkmarx Default","12/20/2022 5:10:32 PM","CxFlow","Default Configuration","","","","","",""
"2194","testest","/CxServer/SP/America/SE","https://github.com/ksalman-Cx-org-NA-kelsey-na/Webgoat.NET-base","/refs/heads/master","Checkmarx Default","12/12/2022 4:05:10 PM","Web Portal","Improved Scan Flow","","","","","",""
"2195","Webgoat.NET-base","/CxServer/SP/America/SE","https://github.com/ksalman-Cx-org-NA-kelsey-na/Webgoat.NET-base","/refs/heads/master","Checkmarx Default","12/12/2022 6:08:06 PM","Web Portal","Improved Scan Flow","","","","","",""
"2204","WebGoat2","/CxServer/SP/America/PSNA/PatrickMichael","","","High and Medium","12/20/2022 5:58:03 PM","CxFlow","Default Configuration","","","","","",""
